lga_code,lga_name,dwelling_type,median_weekly_rent,bond_count,population_2021,population_2025,population_growth_pct,rent_year,growth_period
10050,Albury,Flat/Apartment,370,627,56067,59538,6.191,2025,2021-2025
10180,Armidale Regional,Flat/Apartment,350,373,29332,29652,1.091,2025,2021-2025
10250,Ballina,Flat/Apartment,580,254,46196,48603,5.21,2025,2021-2025
10470,Bathurst Regional,Flat/Apartment,400,320,43674,45359,3.858,2025,2021-2025
10500,Bayside (NSW),Flat/Apartment,800,8250,176229,187770,6.549,2025,2021-2025
10550,Bega Valley,Flat/Apartment,450,218,35770,36921,3.218,2025,2021-2025
10600,Bellingen,Flat/Apartment,380,39,13203,13348,1.098,2025,2021-2025
10750,Blacktown,Flat/Apartment,550,2423,399925,449385,12.367,2025,2021-2025
10800,Bland,Flat/Apartment,265,36,5544,5455,-1.605,2025,2021-2025
10900,Blue Mountains,Flat/Apartment,445,154,78372,79236,1.102,2025,2021-2025
11250,Broken Hill,Flat/Apartment,230,61,17662,17515,-0.832,2025,2021-2025
11300,Burwood,Flat/Apartment,750,2225,40440,43927,8.623,2025,2021-2025
11350,Byron,Flat/Apartment,650,264,36106,38784,7.417,2025,2021-2025
11450,Camden,Flat/Apartment,470,244,120083,146483,21.985,2025,2021-2025
11500,Campbelltown (NSW),Flat/Apartment,480,743,177778,191285,7.598,2025,2021-2025
11520,Canada Bay,Flat/Apartment,840,3449,89685,93006,3.703,2025,2021-2025
11570,Canterbury-Bankstown,Flat/Apartment,580,5146,372459,389687,4.625,2025,2021-2025
11650,Central Coast (NSW),Flat/Apartment,520,2233,348493,357816,2.675,2025,2021-2025
11720,Cessnock,Flat/Apartment,450,282,64120,71443,11.421,2025,2021-2025
11730,Clarence Valley,Flat/Apartment,425,342,54212,56874,4.91,2025,2021-2025
11750,Cobar,Flat/Apartment,240,55,4098,4019,-1.928,2025,2021-2025
11800,Coffs Harbour,Flat/Apartment,470,724,78781,82109,4.224,2025,2021-2025
12160,Cootamundra-Gundagai Regional,Flat/Apartment,280,39,11390,11429,0.342,2025,2021-2025
12350,Cowra,Flat/Apartment,260,52,12759,12721,-0.298,2025,2021-2025
12380,Cumberland,Flat/Apartment,630,7167,237083,256906,8.361,2025,2021-2025
12390,Dubbo Regional,Flat/Apartment,370,349,55528,57384,3.342,2025,2021-2025
12730,Edward River,Flat/Apartment,240,93,8437,8501,0.759,2025,2021-2025
12750,Eurobodalla,Flat/Apartment,430,312,40464,41309,2.088,2025,2021-2025
12850,Fairfield,Flat/Apartment,470,912,209066,213677,2.206,2025,2021-2025
12870,Federation,Flat/Apartment,328,76,12822,13247,3.315,2025,2021-2025
12900,Forbes,Flat/Apartment,285,51,9385,9301,-0.895,2025,2021-2025
12930,Georges River,Flat/Apartment,660,3092,152800,163919,7.277,2025,2021-2025
13010,Glen Innes Severn,Flat/Apartment,250,44,8925,9069,1.613,2025,2021-2025
13310,Goulburn Mulwaree,Flat/Apartment,375,101,32150,33746,4.964,2025,2021-2025
13450,Griffith,Flat/Apartment,395,184,27195,27458,0.967,2025,2021-2025
13550,Gunnedah,Flat/Apartment,422,144,13088,13502,3.163,2025,2021-2025
13800,Hawkesbury,Flat/Apartment,460,164,67605,69299,2.506,2025,2021-2025
13910,Hilltops,Flat/Apartment,290,89,19223,19347,0.645,2025,2021-2025
14000,Hornsby,Flat/Apartment,650,1617,152263,155484,2.115,2025,2021-2025
14100,Hunters Hill,Flat/Apartment,630,101,13596,13983,2.846,2025,2021-2025
14170,Inner West,Flat/Apartment,670,7418,183839,193125,5.051,2025,2021-2025
14220,Inverell,Flat/Apartment,310,103,17920,18152,1.295,2025,2021-2025
14300,Junee,Flat/Apartment,300,41,6454,6403,-0.79,2025,2021-2025
14350,Kempsey,Flat/Apartment,360,159,30828,31950,3.64,2025,2021-2025
14400,Kiama,Flat/Apartment,590,143,22970,23139,0.736,2025,2021-2025
14500,Ku-ring-gai,Flat/Apartment,780,1753,124703,128542,3.079,2025,2021-2025
14600,Lachlan,Flat/Apartment,220,32,6153,6118,-0.569,2025,2021-2025
14650,Lake Macquarie,Flat/Apartment,490,693,214054,224540,4.899,2025,2021-2025
14700,Lane Cove,Flat/Apartment,720,1271,39608,43094,8.801,2025,2021-2025
14750,Leeton,Flat/Apartment,340,67,11480,11475,-0.044,2025,2021-2025
14850,Lismore,Flat/Apartment,420,248,44361,43642,-1.621,2025,2021-2025
14870,Lithgow,Flat/Apartment,300,45,20855,20693,-0.777,2025,2021-2025
14900,Liverpool,Flat/Apartment,535,2374,234505,261231,11.397,2025,2021-2025
15050,Maitland,Flat/Apartment,485,461,90612,100439,10.845,2025,2021-2025
15240,Mid-Coast,Flat/Apartment,400,653,96475,99448,3.082,2025,2021-2025
15270,Mid-Western Regional,Flat/Apartment,410,92,25714,26472,2.948,2025,2021-2025
15300,Moree Plains,Flat/Apartment,260,116,12964,12845,-0.918,2025,2021-2025
15350,Mosman,Flat/Apartment,795,923,28466,29374,3.19,2025,2021-2025
15520,Murray River,Flat/Apartment,380,45,12785,14030,9.738,2025,2021-2025
15650,Muswellbrook,Flat/Apartment,350,119,16469,16859,2.368,2025,2021-2025
15700,Nambucca Valley,Flat/Apartment,390,128,20382,21237,4.195,2025,2021-2025
15750,Narrabri,Flat/Apartment,300,120,12808,12797,-0.086,2025,2021-2025
15800,Narrandera,Flat/Apartment,280,35,5733,5761,0.488,2025,2021-2025
15850,Narromine,Flat/Apartment,290,31,6448,6420,-0.434,2025,2021-2025
15900,Newcastle,Flat/Apartment,572,2564,169433,178935,5.608,2025,2021-2025
15950,North Sydney,Flat/Apartment,800,6112,69471,73705,6.095,2025,2021-2025
15990,Northern Beaches,Flat/Apartment,820,5052,264567,272656,3.057,2025,2021-2025
16150,Orange,Flat/Apartment,450,323,43750,44990,2.834,2025,2021-2025
16200,Parkes,Flat/Apartment,290,67,14451,14175,-1.91,2025,2021-2025
16260,Parramatta,Flat/Apartment,700,9039,258527,279014,7.925,2025,2021-2025
16350,Penrith,Flat/Apartment,500,1982,219239,231701,5.684,2025,2021-2025
16380,Port Macquarie-Hastings,Flat/Apartment,460,771,86638,92432,6.688,2025,2021-2025
16400,Port Stephens,Flat/Apartment,495,399,75328,80070,6.295,2025,2021-2025
16490,Queanbeyan-Palerang Regional,Flat/Apartment,420,607,63404,67633,6.67,2025,2021-2025
16550,Randwick,Flat/Apartment,880,8882,135219,146484,8.331,2025,2021-2025
16610,Richmond Valley,Flat/Apartment,392,106,23595,24044,1.903,2025,2021-2025
16700,Ryde,Flat/Apartment,700,5529,129813,141693,9.152,2025,2021-2025
16900,Shellharbour,Flat/Apartment,550,340,76492,83228,8.806,2025,2021-2025
16950,Shoalhaven,Flat/Apartment,420,342,108550,111755,2.953,2025,2021-2025
17000,Singleton,Flat/Apartment,450,109,24725,25841,4.514,2025,2021-2025
17040,Snowy Monaro Regional,Flat/Apartment,460,240,21667,22396,3.365,2025,2021-2025
17080,Snowy Valleys,Flat/Apartment,300,57,14900,15058,1.06,2025,2021-2025
17100,Strathfield,Flat/Apartment,700,2543,45963,49203,7.049,2025,2021-2025
17150,Sutherland Shire,Flat/Apartment,670,3231,230994,241327,4.473,2025,2021-2025
17200,Sydney,Flat/Apartment,865,29489,214703,241797,12.619,2025,2021-2025
17310,Tamworth Regional,Flat/Apartment,350,478,63670,66403,4.292,2025,2021-2025
17350,Temora,Flat/Apartment,340,39,6013,6050,0.615,2025,2021-2025
17420,The Hills Shire,Flat/Apartment,680,2409,192660,222675,15.579,2025,2021-2025
17550,Tweed,Flat/Apartment,650,806,97216,101044,3.938,2025,2021-2025
17620,Upper Hunter Shire,Flat/Apartment,370,73,14258,14425,1.171,2025,2021-2025
17650,Uralla,Flat/Apartment,290,30,5992,6179,3.121,2025,2021-2025
17750,Wagga Wagga,Flat/Apartment,380,430,67891,69108,1.793,2025,2021-2025
17900,Walgett,Flat/Apartment,250,40,5588,5437,-2.702,2025,2021-2025
18050,Waverley,Flat/Apartment,960,3863,69397,73345,5.689,2025,2021-2025
18200,Wentworth,Flat/Apartment,320,38,7490,7982,6.569,2025,2021-2025
18250,Willoughby,Flat/Apartment,790,2502,76044,80520,5.886,2025,2021-2025
18350,Wingecarribee,Flat/Apartment,470,179,52489,53840,2.574,2025,2021-2025
18400,Wollondilly,Flat/Apartment,420,99,54196,62080,14.547,2025,2021-2025
18450,Wollongong,Flat/Apartment,570,2847,214700,224327,4.484,2025,2021-2025
18500,Woollahra,Flat/Apartment,900,3214,53910,55218,2.426,2025,2021-2025
10050,Albury,House,520,1629,56067,59538,6.191,2025,2021-2025
10180,Armidale Regional,House,480,950,29332,29652,1.091,2025,2021-2025
10250,Ballina,House,790,773,46196,48603,5.21,2025,2021-2025
10470,Bathurst Regional,House,550,964,43674,45359,3.858,2025,2021-2025
10500,Bayside (NSW),House,870,1392,176229,187770,6.549,2025,2021-2025
10550,Bega Valley,House,570,435,35770,36921,3.218,2025,2021-2025
10600,Bellingen,House,570,215,13203,13348,1.098,2025,2021-2025
10650,Berrigan,House,378,102,8615,8773,1.834,2025,2021-2025
10750,Blacktown,House,700,9616,399925,449385,12.367,2025,2021-2025
10800,Bland,House,450,81,5544,5455,-1.605,2025,2021-2025
10850,Blayney,House,495,143,7511,7831,4.26,2025,2021-2025
10900,Blue Mountains,House,650,1027,78372,79236,1.102,2025,2021-2025
10950,Bogan,House,350,34,2480,2373,-4.315,2025,2021-2025
11150,Bourke,House,350,63,2416,2310,-4.387,2025,2021-2025
11250,Broken Hill,House,350,351,17662,17515,-0.832,2025,2021-2025
11300,Burwood,House,900,438,40440,43927,8.623,2025,2021-2025
11350,Byron,House,950,857,36106,38784,7.417,2025,2021-2025
11400,Cabonne,House,422,120,13767,13915,1.075,2025,2021-2025
11450,Camden,House,750,2908,120083,146483,21.985,2025,2021-2025
11500,Campbelltown (NSW),House,650,3770,177778,191285,7.598,2025,2021-2025
11520,Canada Bay,House,1050,705,89685,93006,3.703,2025,2021-2025
11570,Canterbury-Bankstown,House,800,3674,372459,389687,4.625,2025,2021-2025
11650,Central Coast (NSW),House,650,6866,348493,357816,2.675,2025,2021-2025
11720,Cessnock,House,580,1700,64120,71443,11.421,2025,2021-2025
11730,Clarence Valley,House,540,883,54212,56874,4.91,2025,2021-2025
11750,Cobar,House,330,107,4098,4019,-1.928,2025,2021-2025
11800,Coffs Harbour,House,675,1412,78781,82109,4.224,2025,2021-2025
12000,Coolamon,House,425,46,4403,4742,7.699,2025,2021-2025
12150,Coonamble,House,292,36,3833,3889,1.461,2025,2021-2025
12160,Cootamundra-Gundagai Regional,House,450,127,11390,11429,0.342,2025,2021-2025
12350,Cowra,House,400,202,12759,12721,-0.298,2025,2021-2025
12380,Cumberland,House,710,3117,237083,256906,8.361,2025,2021-2025
12390,Dubbo Regional,House,550,1433,55528,57384,3.342,2025,2021-2025
12700,Dungog,House,550,79,9532,10102,5.98,2025,2021-2025
12730,Edward River,House,380,151,8437,8501,0.759,2025,2021-2025
12750,Eurobodalla,House,565,741,40464,41309,2.088,2025,2021-2025
12850,Fairfield,House,700,2054,209066,213677,2.206,2025,2021-2025
12870,Federation,House,475,186,12822,13247,3.315,2025,2021-2025
12900,Forbes,House,420,238,9385,9301,-0.895,2025,2021-2025
12930,Georges River,House,830,1212,152800,163919,7.277,2025,2021-2025
12950,Gilgandra,House,370,43,4318,4304,-0.324,2025,2021-2025
13010,Glen Innes Severn,House,380,146,8925,9069,1.613,2025,2021-2025
13310,Goulburn Mulwaree,House,500,848,32150,33746,4.964,2025,2021-2025
13340,Greater Hume Shire,House,420,160,11109,11742,5.698,2025,2021-2025
13450,Griffith,House,500,421,27195,27458,0.967,2025,2021-2025
13550,Gunnedah,House,500,357,13088,13502,3.163,2025,2021-2025
13660,Gwydir,House,320,44,4912,4968,1.14,2025,2021-2025
13800,Hawkesbury,House,665,1099,67605,69299,2.506,2025,2021-2025
13850,Hay,House,280,34,2885,2899,0.485,2025,2021-2025
13910,Hilltops,House,450,284,19223,19347,0.645,2025,2021-2025
14000,Hornsby,House,880,1208,152263,155484,2.115,2025,2021-2025
14100,Hunters Hill,House,1305,82,13596,13983,2.846,2025,2021-2025
14170,Inner West,House,980,2861,183839,193125,5.051,2025,2021-2025
14220,Inverell,House,400,314,17920,18152,1.295,2025,2021-2025
14300,Junee,House,420,98,6454,6403,-0.79,2025,2021-2025
14350,Kempsey,House,500,566,30828,31950,3.64,2025,2021-2025
14400,Kiama,House,800,272,22970,23139,0.736,2025,2021-2025
14500,Ku-ring-gai,House,1350,1323,124703,128542,3.079,2025,2021-2025
14550,Kyogle,House,455,88,9346,9707,3.863,2025,2021-2025
14600,Lachlan,House,350,82,6153,6118,-0.569,2025,2021-2025
14650,Lake Macquarie,House,680,3315,214054,224540,4.899,2025,2021-2025
14700,Lane Cove,House,1245,227,39608,43094,8.801,2025,2021-2025
14750,Leeton,House,420,189,11480,11475,-0.044,2025,2021-2025
14850,Lismore,House,600,709,44361,43642,-1.621,2025,2021-2025
14870,Lithgow,House,450,376,20855,20693,-0.777,2025,2021-2025
14900,Liverpool,House,750,4555,234505,261231,11.397,2025,2021-2025
14920,Liverpool Plains,House,400,118,7608,7671,0.828,2025,2021-2025
15050,Maitland,House,640,3119,90612,100439,10.845,2025,2021-2025
15240,Mid-Coast,House,550,1287,96475,99448,3.082,2025,2021-2025
15270,Mid-Western Regional,House,580,834,25714,26472,2.948,2025,2021-2025
15300,Moree Plains,House,375,217,12964,12845,-0.918,2025,2021-2025
15350,Mosman,House,1995,216,28466,29374,3.19,2025,2021-2025
15520,Murray River,House,550,171,12785,14030,9.738,2025,2021-2025
15560,Murrumbidgee,House,400,38,3564,3695,3.676,2025,2021-2025
15650,Muswellbrook,House,550,488,16469,16859,2.368,2025,2021-2025
15700,Nambucca Valley,House,550,311,20382,21237,4.195,2025,2021-2025
15750,Narrabri,House,480,239,12808,12797,-0.086,2025,2021-2025
15800,Narrandera,House,400,89,5733,5761,0.488,2025,2021-2025
15850,Narromine,House,450,85,6448,6420,-0.434,2025,2021-2025
15900,Newcastle,House,700,4148,169433,178935,5.608,2025,2021-2025
15950,North Sydney,House,1200,600,69471,73705,6.095,2025,2021-2025
15990,Northern Beaches,House,1400,2169,264567,272656,3.057,2025,2021-2025
16100,Oberon,House,450,83,5567,5595,0.503,2025,2021-2025
16150,Orange,House,570,1399,43750,44990,2.834,2025,2021-2025
16200,Parkes,House,440,365,14451,14175,-1.91,2025,2021-2025
16260,Parramatta,House,750,2219,258527,279014,7.925,2025,2021-2025
16350,Penrith,House,650,4892,219239,231701,5.684,2025,2021-2025
16380,Port Macquarie-Hastings,House,650,1598,86638,92432,6.688,2025,2021-2025
16400,Port Stephens,House,638,1264,75328,80070,6.295,2025,2021-2025
16490,Queanbeyan-Palerang Regional,House,700,935,63404,67633,6.67,2025,2021-2025
16550,Randwick,House,1300,1399,135219,146484,8.331,2025,2021-2025
16610,Richmond Valley,House,530,306,23595,24044,1.903,2025,2021-2025
16700,Ryde,House,950,1186,129813,141693,9.152,2025,2021-2025
16900,Shellharbour,House,720,1238,76492,83228,8.806,2025,2021-2025
16950,Shoalhaven,House,560,2494,108550,111755,2.953,2025,2021-2025
17000,Singleton,House,620,337,24725,25841,4.514,2025,2021-2025
17040,Snowy Monaro Regional,House,550,480,21667,22396,3.365,2025,2021-2025
17080,Snowy Valleys,House,430,176,14900,15058,1.06,2025,2021-2025
17100,Strathfield,House,845,294,45963,49203,7.049,2025,2021-2025
17150,Sutherland Shire,House,950,1741,230994,241327,4.473,2025,2021-2025
17200,Sydney,House,960,2553,214703,241797,12.619,2025,2021-2025
17310,Tamworth Regional,House,480,1701,63670,66403,4.292,2025,2021-2025
17350,Temora,House,400,101,6013,6050,0.615,2025,2021-2025
17400,Tenterfield,House,430,93,6800,7188,5.706,2025,2021-2025
17420,The Hills Shire,House,880,2912,192660,222675,15.579,2025,2021-2025
17550,Tweed,House,880,1024,97216,101044,3.938,2025,2021-2025
17620,Upper Hunter Shire,House,520,240,14258,14425,1.171,2025,2021-2025
17640,Upper Lachlan Shire,House,480,88,8494,9005,6.016,2025,2021-2025
17650,Uralla,House,470,88,5992,6179,3.121,2025,2021-2025
17750,Wagga Wagga,House,520,2123,67891,69108,1.793,2025,2021-2025
17900,Walgett,House,300,41,5588,5437,-2.702,2025,2021-2025
17950,Warren,House,350,33,2584,2606,0.851,2025,2021-2025
18020,Warrumbungle Shire,House,375,105,9256,9246,-0.108,2025,2021-2025
18050,Waverley,House,1600,556,69397,73345,5.689,2025,2021-2025
18200,Wentworth,House,420,76,7490,7982,6.569,2025,2021-2025
18250,Willoughby,House,1350,568,76044,80520,5.886,2025,2021-2025
18350,Wingecarribee,House,700,891,52489,53840,2.574,2025,2021-2025
18400,Wollondilly,House,650,1072,54196,62080,14.547,2025,2021-2025
18450,Wollongong,House,700,2727,214700,224327,4.484,2025,2021-2025
18500,Woollahra,House,1600,821,53910,55218,2.426,2025,2021-2025
18710,Yass Valley,House,568,154,17240,17663,2.454,2025,2021-2025
10050,Albury,Unit,400,69,56067,59538,6.191,2025,2021-2025
10180,Armidale Regional,Unit,358,54,29332,29652,1.091,2025,2021-2025
10500,Bayside (NSW),Unit,725,292,176229,187770,6.549,2025,2021-2025
10750,Blacktown,Unit,600,215,399925,449385,12.367,2025,2021-2025
11250,Broken Hill,Unit,300,41,17662,17515,-0.832,2025,2021-2025
11300,Burwood,Unit,680,85,40440,43927,8.623,2025,2021-2025
11500,Campbelltown (NSW),Unit,580,103,177778,191285,7.598,2025,2021-2025
11520,Canada Bay,Unit,760,76,89685,93006,3.703,2025,2021-2025
11570,Canterbury-Bankstown,Unit,570,567,372459,389687,4.625,2025,2021-2025
11650,Central Coast (NSW),Unit,500,191,348493,357816,2.675,2025,2021-2025
11720,Cessnock,Unit,415,30,64120,71443,11.421,2025,2021-2025
11730,Clarence Valley,Unit,474,70,54212,56874,4.91,2025,2021-2025
11800,Coffs Harbour,Unit,550,118,78781,82109,4.224,2025,2021-2025
12380,Cumberland,Unit,620,484,237083,256906,8.361,2025,2021-2025
12390,Dubbo Regional,Unit,380,153,55528,57384,3.342,2025,2021-2025
12750,Eurobodalla,Unit,430,31,40464,41309,2.088,2025,2021-2025
12850,Fairfield,Unit,550,682,209066,213677,2.206,2025,2021-2025
12930,Georges River,Unit,650,169,152800,163919,7.277,2025,2021-2025
13310,Goulburn Mulwaree,Unit,425,33,32150,33746,4.964,2025,2021-2025
13450,Griffith,Unit,430,78,27195,27458,0.967,2025,2021-2025
14000,Hornsby,Unit,650,41,152263,155484,2.115,2025,2021-2025
14170,Inner West,Unit,699,418,183839,193125,5.051,2025,2021-2025
14220,Inverell,Unit,370,43,17920,18152,1.295,2025,2021-2025
14350,Kempsey,Unit,440,45,30828,31950,3.64,2025,2021-2025
14650,Lake Macquarie,Unit,475,57,214054,224540,4.899,2025,2021-2025
14850,Lismore,Unit,420,59,44361,43642,-1.621,2025,2021-2025
14870,Lithgow,Unit,400,31,20855,20693,-0.777,2025,2021-2025
14900,Liverpool,Unit,600,334,234505,261231,11.397,2025,2021-2025
15050,Maitland,Unit,300,56,90612,100439,10.845,2025,2021-2025
15240,Mid-Coast,Unit,445,133,96475,99448,3.082,2025,2021-2025
15270,Mid-Western Regional,Unit,500,45,25714,26472,2.948,2025,2021-2025
15300,Moree Plains,Unit,320,43,12964,12845,-0.918,2025,2021-2025
15700,Nambucca Valley,Unit,400,37,20382,21237,4.195,2025,2021-2025
15900,Newcastle,Unit,300,156,169433,178935,5.608,2025,2021-2025
15950,North Sydney,Unit,850,33,69471,73705,6.095,2025,2021-2025
15990,Northern Beaches,Unit,750,40,264567,272656,3.057,2025,2021-2025
16150,Orange,Unit,500,74,43750,44990,2.834,2025,2021-2025
16260,Parramatta,Unit,620,162,258527,279014,7.925,2025,2021-2025
16350,Penrith,Unit,550,108,219239,231701,5.684,2025,2021-2025
16380,Port Macquarie-Hastings,Unit,450,97,86638,92432,6.688,2025,2021-2025
16550,Randwick,Unit,726,366,135219,146484,8.331,2025,2021-2025
16700,Ryde,Unit,640,98,129813,141693,9.152,2025,2021-2025
16950,Shoalhaven,Unit,510,36,108550,111755,2.953,2025,2021-2025
17000,Singleton,Unit,440,34,24725,25841,4.514,2025,2021-2025
17080,Snowy Valleys,Unit,400,44,14900,15058,1.06,2025,2021-2025
17100,Strathfield,Unit,680,215,45963,49203,7.049,2025,2021-2025
17150,Sutherland Shire,Unit,598,30,230994,241327,4.473,2025,2021-2025
17200,Sydney,Unit,739,2624,214703,241797,12.619,2025,2021-2025
17310,Tamworth Regional,Unit,370,105,63670,66403,4.292,2025,2021-2025
17420,The Hills Shire,Unit,685,114,192660,222675,15.579,2025,2021-2025
17550,Tweed,Unit,712,104,97216,101044,3.938,2025,2021-2025
17750,Wagga Wagga,Unit,409,39,67891,69108,1.793,2025,2021-2025
18050,Waverley,Unit,925,91,69397,73345,5.689,2025,2021-2025
18250,Willoughby,Unit,625,154,76044,80520,5.886,2025,2021-2025
18450,Wollongong,Unit,480,87,214700,224327,4.484,2025,2021-2025
10050,Albury,Townhouse,450,172,56067,59538,6.191,2025,2021-2025
10250,Ballina,Townhouse,750,136,46196,48603,5.21,2025,2021-2025
10470,Bathurst Regional,Townhouse,480,46,43674,45359,3.858,2025,2021-2025
10500,Bayside (NSW),Townhouse,950,235,176229,187770,6.549,2025,2021-2025
10550,Bega Valley,Townhouse,600,51,35770,36921,3.218,2025,2021-2025
10750,Blacktown,Townhouse,660,720,399925,449385,12.367,2025,2021-2025
10900,Blue Mountains,Townhouse,630,55,78372,79236,1.102,2025,2021-2025
11250,Broken Hill,Townhouse,252,40,17662,17515,-0.832,2025,2021-2025
11300,Burwood,Townhouse,940,91,40440,43927,8.623,2025,2021-2025
11350,Byron,Townhouse,900,95,36106,38784,7.417,2025,2021-2025
11450,Camden,Townhouse,690,133,120083,146483,21.985,2025,2021-2025
11500,Campbelltown (NSW),Townhouse,545,299,177778,191285,7.598,2025,2021-2025
11520,Canada Bay,Townhouse,920,207,89685,93006,3.703,2025,2021-2025
11570,Canterbury-Bankstown,Townhouse,850,764,372459,389687,4.625,2025,2021-2025
11650,Central Coast (NSW),Townhouse,650,588,348493,357816,2.675,2025,2021-2025
11720,Cessnock,Townhouse,528,80,64120,71443,11.421,2025,2021-2025
11730,Clarence Valley,Townhouse,500,77,54212,56874,4.91,2025,2021-2025
11800,Coffs Harbour,Townhouse,600,336,78781,82109,4.224,2025,2021-2025
12380,Cumberland,Townhouse,730,672,237083,256906,8.361,2025,2021-2025
12390,Dubbo Regional,Townhouse,450,115,55528,57384,3.342,2025,2021-2025
12750,Eurobodalla,Townhouse,500,83,40464,41309,2.088,2025,2021-2025
12850,Fairfield,Townhouse,670,215,209066,213677,2.206,2025,2021-2025
12930,Georges River,Townhouse,825,233,152800,163919,7.277,2025,2021-2025
13310,Goulburn Mulwaree,Townhouse,490,95,32150,33746,4.964,2025,2021-2025
13800,Hawkesbury,Townhouse,572,94,67605,69299,2.506,2025,2021-2025
14000,Hornsby,Townhouse,820,159,152263,155484,2.115,2025,2021-2025
14170,Inner West,Townhouse,942,484,183839,193125,5.051,2025,2021-2025
14350,Kempsey,Townhouse,515,38,30828,31950,3.64,2025,2021-2025
14400,Kiama,Townhouse,750,89,22970,23139,0.736,2025,2021-2025
14500,Ku-ring-gai,Townhouse,1195,113,124703,128542,3.079,2025,2021-2025
14650,Lake Macquarie,Townhouse,680,346,214054,224540,4.899,2025,2021-2025
14700,Lane Cove,Townhouse,1100,51,39608,43094,8.801,2025,2021-2025
14850,Lismore,Townhouse,580,35,44361,43642,-1.621,2025,2021-2025
14900,Liverpool,Townhouse,670,405,234505,261231,11.397,2025,2021-2025
15050,Maitland,Townhouse,600,295,90612,100439,10.845,2025,2021-2025
15240,Mid-Coast,Townhouse,550,148,96475,99448,3.082,2025,2021-2025
15350,Mosman,Townhouse,1475,35,28466,29374,3.19,2025,2021-2025
15900,Newcastle,Townhouse,700,661,169433,178935,5.608,2025,2021-2025
15950,North Sydney,Townhouse,1220,245,69471,73705,6.095,2025,2021-2025
15990,Northern Beaches,Townhouse,1100,338,264567,272656,3.057,2025,2021-2025
16150,Orange,Townhouse,490,40,43750,44990,2.834,2025,2021-2025
16260,Parramatta,Townhouse,780,525,258527,279014,7.925,2025,2021-2025
16350,Penrith,Townhouse,600,625,219239,231701,5.684,2025,2021-2025
16380,Port Macquarie-Hastings,Townhouse,550,224,86638,92432,6.688,2025,2021-2025
16400,Port Stephens,Townhouse,620,196,75328,80070,6.295,2025,2021-2025
16490,Queanbeyan-Palerang Regional,Townhouse,600,317,63404,67633,6.67,2025,2021-2025
16550,Randwick,Townhouse,1250,314,135219,146484,8.331,2025,2021-2025
16700,Ryde,Townhouse,865,449,129813,141693,9.152,2025,2021-2025
16900,Shellharbour,Townhouse,700,358,76492,83228,8.806,2025,2021-2025
16950,Shoalhaven,Townhouse,540,181,108550,111755,2.953,2025,2021-2025
17000,Singleton,Townhouse,590,39,24725,25841,4.514,2025,2021-2025
17040,Snowy Monaro Regional,Townhouse,700,44,21667,22396,3.365,2025,2021-2025
17100,Strathfield,Townhouse,900,61,45963,49203,7.049,2025,2021-2025
17150,Sutherland Shire,Townhouse,960,580,230994,241327,4.473,2025,2021-2025
17200,Sydney,Townhouse,1100,624,214703,241797,12.619,2025,2021-2025
17310,Tamworth Regional,Townhouse,440,66,63670,66403,4.292,2025,2021-2025
17420,The Hills Shire,Townhouse,800,351,192660,222675,15.579,2025,2021-2025
17550,Tweed,Townhouse,750,295,97216,101044,3.938,2025,2021-2025
17750,Wagga Wagga,Townhouse,440,91,67891,69108,1.793,2025,2021-2025
18050,Waverley,Townhouse,1298,80,69397,73345,5.689,2025,2021-2025
18250,Willoughby,Townhouse,1000,82,76044,80520,5.886,2025,2021-2025
18350,Wingecarribee,Townhouse,640,58,52489,53840,2.574,2025,2021-2025
18450,Wollongong,Townhouse,730,692,214700,224327,4.484,2025,2021-2025
18500,Woollahra,Townhouse,1450,189,53910,55218,2.426,2025,2021-2025
